family_id,model,series,configuration,profile_configuration,training_fraction,training_rows,test_poisson_deviance,manuscript_deviance_5dp,parameters_trainable,parameters_total,parameters_non_trainable,parameters_embedding_trainable,parameters_non_embedding_trainable,flops_train_per_epoch_one_seed,prediction_ensemble_seeds,source_table
ffn,FFN (very small),main_sweep_size_ladder,ffn_very_small,ffn_very_small,0.05,201985,0.294241353,0.29424,7205,7237,32,2580,4625,5782732800,5,tab:size_scaling_baselines
ffn,FFN (very small),main_sweep_size_ladder,ffn_very_small,ffn_very_small,0.1,404283,0.292665232,0.29267,7205,7237,32,2580,4625,11449810944,5,tab:size_scaling_baselines
ffn,FFN (very small),main_sweep_size_ladder,ffn_very_small,ffn_very_small,0.25,1010056,0.291854838,0.29185,7205,7237,32,2580,4625,28566700032,5,tab:size_scaling_baselines
ffn,FFN (very small),main_sweep_size_ladder,ffn_very_small,ffn_very_small,0.5,2018631,0.291385045,0.29139,7205,7237,32,2580,4625,57017745408,5,tab:size_scaling_baselines
ffn,FFN (very small),main_sweep_size_ladder,ffn_very_small,ffn_very_small,0.75,3026912,0.291087283,0.29109,7205,7237,32,2580,4625,85468790784,5,tab:size_scaling_baselines
ffn,FFN (very small),main_sweep_size_ladder,ffn_very_small,ffn_very_small,1.0,4034782,0.290977202,0.29098,7205,7237,32,2580,4625,114035490816,5,tab:size_scaling_baselines
ffn,FFN (small),main_sweep_size_ladder,ffn_small,ffn_small,0.05,201985,0.297901904,0.29790,24073,24169,96,5160,18913,23398809600,5,tab:size_scaling_baselines
ffn,FFN (small),main_sweep_size_ladder,ffn_small,ffn_small,0.1,404283,0.293040597,0.29304,24073,24169,96,5160,18913,46329643008,5,tab:size_scaling_baselines
ffn,FFN (small),main_sweep_size_ladder,ffn_small,ffn_small,0.25,1010056,0.291868616,0.29187,24073,24169,96,5160,18913,115590119424,5,tab:size_scaling_baselines
ffn,FFN (small),main_sweep_size_ladder,ffn_small,ffn_small,0.5,2018631,0.2913214,0.29132,24073,24169,96,5160,18913,230712262656,5,tab:size_scaling_baselines
ffn,FFN (small),main_sweep_size_ladder,ffn_small,ffn_small,0.75,3026912,0.291013952,0.29101,24073,24169,96,5160,18913,345834405888,5,tab:size_scaling_baselines
ffn,FFN (small),main_sweep_size_ladder,ffn_small,ffn_small,1.0,4034782,0.290868326,0.29087,24073,24169,96,5160,18913,461424525312,5,tab:size_scaling_baselines
ffn,FFN (medium),main_sweep_size_ladder,ffn_medium,ffn_medium,0.05,201985,0.300546137,0.30055,64829,65021,192,7740,57089,70397952000,5,tab:size_scaling_baselines
ffn,FFN (medium),main_sweep_size_ladder,ffn_medium,ffn_medium,0.1,404283,0.294025906,0.29403,64829,65021,192,7740,57089,139387944960,5,tab:size_scaling_baselines
ffn,FFN (medium),main_sweep_size_ladder,ffn_medium,ffn_medium,0.25,1010056,0.291664313,0.29166,64829,65021,192,7740,57089,347765882880,5,tab:size_scaling_baselines
ffn,FFN (medium),main_sweep_size_ladder,ffn_medium,ffn_medium,0.5,2018631,0.291259184,0.29126,64829,65021,192,7740,57089,694123806720,5,tab:size_scaling_baselines
ffn,FFN (medium),main_sweep_size_ladder,ffn_medium,ffn_medium,0.75,3026912,0.290957564,0.29096,64829,65021,192,7740,57089,1040481730560,5,tab:size_scaling_baselines
ffn,FFN (medium),main_sweep_size_ladder,ffn_medium,ffn_medium,1.0,4034782,0.290698748,0.29070,64829,65021,192,7740,57089,1388247613440,5,tab:size_scaling_baselines
ffn,FFN (large),main_sweep_size_ladder,ffn_large,ffn_large,0.05,201985,0.298650788,0.29865,167185,167633,448,10320,156865,193238630400,5,tab:size_scaling_baselines
ffn,FFN (large),main_sweep_size_ladder,ffn_large,ffn_large,0.1,404283,0.294375952,0.29438,167185,167633,448,10320,156865,382612488192,5,tab:size_scaling_baselines
ffn,FFN (large),main_sweep_size_ladder,ffn_large,ffn_large,0.25,1010056,0.291851359,0.29185,167185,167633,448,10320,156865,954598834176,5,tab:size_scaling_baselines
ffn,FFN (large),main_sweep_size_ladder,ffn_large,ffn_large,0.5,2018631,0.291337465,0.29134,167185,167633,448,10320,156865,1905332895744,5,tab:size_scaling_baselines
ffn,FFN (large),main_sweep_size_ladder,ffn_large,ffn_large,0.75,3026912,0.290893429,0.29089,167185,167633,448,10320,156865,2856066957312,5,tab:size_scaling_baselines
ffn,FFN (large),main_sweep_size_ladder,ffn_large,ffn_large,1.0,4034782,0.290628058,0.29063,167185,167633,448,10320,156865,3810665791488,5,tab:size_scaling_baselines
ffn,FFN (very large),main_sweep_size_ladder,ffn_very_large,ffn_very_large,0.05,201985,0.301789063,0.30179,646689,647585,896,20640,626049,770184806400,5,tab:size_scaling_baselines
ffn,FFN (very large),main_sweep_size_ladder,ffn_very_large,ffn_very_large,0.1,404283,0.294495693,0.29450,646689,647585,896,20640,626049,1524965916672,5,tab:size_scaling_baselines
ffn,FFN (very large),main_sweep_size_ladder,ffn_very_large,ffn_very_large,0.25,1010056,0.29198967,0.29199,646689,647585,896,20640,626049,3804712943616,5,tab:size_scaling_baselines
ffn,FFN (very large),main_sweep_size_ladder,ffn_very_large,ffn_very_large,0.5,2018631,0.291181574,0.29118,646689,647585,896,20640,626049,7594022191104,5,tab:size_scaling_baselines
ffn,FFN (very large),main_sweep_size_ladder,ffn_very_large,ffn_very_large,0.75,3026912,0.290859278,0.29086,646689,647585,896,20640,626049,11383331438592,5,tab:size_scaling_baselines
ffn,FFN (very large),main_sweep_size_ladder,ffn_very_large,ffn_very_large,1.0,4034782,0.290583286,0.29058,646689,647585,896,20640,626049,15188044382208,5,tab:size_scaling_baselines
transformer,Transformer (tiny),main_sweep_size_ladder,transformer_tiny,transformer_tiny,0.05,201985,0.297121273,0.29712,17638,17798,160,9200,8438,876965856000,5,tab:size_scaling_baselines
transformer,Transformer (tiny),main_sweep_size_ladder,transformer_tiny,transformer_tiny,0.1,404283,0.294630601,0.29463,17638,17798,160,9200,8438,1753931712000,5,tab:size_scaling_baselines
transformer,Transformer (tiny),main_sweep_size_ladder,transformer_tiny,transformer_tiny,0.25,1010056,0.292027,0.29203,17638,17798,160,9200,8438,4317370368000,5,tab:size_scaling_baselines
transformer,Transformer (tiny),main_sweep_size_ladder,transformer_tiny,transformer_tiny,0.5,2018631,0.291754312,0.29175,17638,17798,160,9200,8438,8567281824000,5,tab:size_scaling_baselines
transformer,Transformer (tiny),main_sweep_size_ladder,transformer_tiny,transformer_tiny,0.75,3026912,0.292588103,0.29259,17638,17798,160,9200,8438,12817193280000,5,tab:size_scaling_baselines
transformer,Transformer (tiny),main_sweep_size_ladder,transformer_tiny,transformer_tiny,1.0,4034782,0.29104044,0.29104,17638,17798,160,9200,8438,17067104736000,5,tab:size_scaling_baselines
transformer,Transformer (small),main_sweep_size_ladder,transformer_small,transformer_small,0.05,201985,0.294307491,0.29431,48722,48946,224,13800,34922,3416139168000,5,tab:size_scaling_baselines
transformer,Transformer (small),main_sweep_size_ladder,transformer_small,transformer_small,0.1,404283,0.292742464,0.29274,48722,48946,224,13800,34922,6832278336000,5,tab:size_scaling_baselines
transformer,Transformer (small),main_sweep_size_ladder,transformer_small,transformer_small,0.25,1010056,0.291958,0.29196,48722,48946,224,13800,34922,16817915904000,5,tab:size_scaling_baselines
transformer,Transformer (small),main_sweep_size_ladder,transformer_small,transformer_small,0.5,2018631,0.291475832,0.29148,48722,48946,224,13800,34922,33373051872000,5,tab:size_scaling_baselines
transformer,Transformer (small),main_sweep_size_ladder,transformer_small,transformer_small,0.75,3026912,0.291098095,0.29110,48722,48946,224,13800,34922,49928187840000,5,tab:size_scaling_baselines
transformer,Transformer (small),main_sweep_size_ladder,transformer_small,transformer_small,1.0,4034782,0.290901418,0.29090,48722,48946,224,13800,34922,66483323808000,5,tab:size_scaling_baselines
transformer,Transformer (medium),main_sweep_size_ladder,transformer_medium,transformer_medium,0.05,201985,0.293584822,0.29358,162842,163194,352,23000,139842,12365871648000,5,tab:size_scaling_baselines
transformer,Transformer (medium),main_sweep_size_ladder,transformer_medium,transformer_medium,0.1,404283,0.293027899,0.29303,162842,163194,352,23000,139842,24731743296000,5,tab:size_scaling_baselines
transformer,Transformer (medium),main_sweep_size_ladder,transformer_medium,transformer_medium,0.25,1010056,0.291663,0.29166,162842,163194,352,23000,139842,60878137344000,5,tab:size_scaling_baselines
transformer,Transformer (medium),main_sweep_size_ladder,transformer_medium,transformer_medium,0.5,2018631,0.2912212,0.29122,162842,163194,352,23000,139842,120805053792000,5,tab:size_scaling_baselines
transformer,Transformer (medium),main_sweep_size_ladder,transformer_medium,transformer_medium,0.75,3026912,0.290998126,0.29100,162842,163194,352,23000,139842,180731970240000,5,tab:size_scaling_baselines
transformer,Transformer (medium),main_sweep_size_ladder,transformer_medium,transformer_medium,1.0,4034782,0.290845812,0.29085,162842,163194,352,23000,139842,240658886688000,5,tab:size_scaling_baselines
transformer,Transformer (large),main_sweep_size_ladder,transformer_large,transformer_large,0.05,201985,0.293396745,0.29340,506362,506906,544,36800,469562,38872358304000,5,tab:size_scaling_baselines
transformer,Transformer (large),main_sweep_size_ladder,transformer_large,transformer_large,0.1,404283,0.293152666,0.29315,506362,506906,544,36800,469562,77744716608000,5,tab:size_scaling_baselines
transformer,Transformer (large),main_sweep_size_ladder,transformer_large,transformer_large,0.25,1010056,0.291848,0.29185,506362,506906,544,36800,469562,191371610112000,5,tab:size_scaling_baselines
transformer,Transformer (large),main_sweep_size_ladder,transformer_large,transformer_large,0.5,2018631,0.291295664,0.29130,506362,506906,544,36800,469562,379753038816000,5,tab:size_scaling_baselines
transformer,Transformer (large),main_sweep_size_ladder,transformer_large,transformer_large,0.75,3026912,0.291001082,0.29100,506362,506906,544,36800,469562,568134467520000,5,tab:size_scaling_baselines
transformer,Transformer (large),main_sweep_size_ladder,transformer_large,transformer_large,1.0,4034782,0.290939,0.29094,506362,506906,544,36800,469562,756515896224000,5,tab:size_scaling_baselines
multicls,MultiCLS (tiny),main_sweep_size_ladder,transformer_multicls_tiny,transformer_multicls_tiny,0.05,201985,0.293789042,0.29379,18311,18535,224,9232,9079,884360601600,5,tab:size_scaling_transformer_fixes
multicls,MultiCLS (tiny),main_sweep_size_ladder,transformer_multicls_tiny,transformer_multicls_tiny,0.1,404283,0.292627486,0.29263,18311,18535,224,9232,9079,1751033991168,5,tab:size_scaling_transformer_fixes
multicls,MultiCLS (tiny),main_sweep_size_ladder,transformer_multicls_tiny,transformer_multicls_tiny,0.25,1010056,0.291884536,0.29188,18311,18535,224,9232,9079,4368741371904,5,tab:size_scaling_transformer_fixes
multicls,MultiCLS (tiny),main_sweep_size_ladder,transformer_multicls_tiny,transformer_multicls_tiny,0.5,2018631,0.291481783,0.29148,18311,18535,224,9232,9079,8719795531776,5,tab:size_scaling_transformer_fixes
multicls,MultiCLS (tiny),main_sweep_size_ladder,transformer_multicls_tiny,transformer_multicls_tiny,0.75,3026912,0.291183875,0.29118,18311,18535,224,9232,9079,13070849691648,5,tab:size_scaling_transformer_fixes
multicls,MultiCLS (tiny),main_sweep_size_ladder,transformer_multicls_tiny,transformer_multicls_tiny,1.0,4034782,0.291059632,0.29106,18311,18535,224,9232,9079,17439591063552,5,tab:size_scaling_transformer_fixes
multicls,MultiCLS (small),main_sweep_size_ladder,transformer_multicls_small,transformer_multicls_small,0.05,201985,0.293390279,0.29339,51566,52078,512,13944,37622,3588323328000,5,tab:size_scaling_transformer_fixes
multicls,MultiCLS (small),main_sweep_size_ladder,transformer_multicls_small,transformer_multicls_small,0.1,404283,0.292344574,0.29234,51566,52078,512,13944,37622,7104880189440,5,tab:size_scaling_transformer_fixes
multicls,MultiCLS (small),main_sweep_size_ladder,transformer_multicls_small,transformer_multicls_small,0.25,1010056,0.291739729,0.29174,51566,52078,512,13944,37622,17726317240320,5,tab:size_scaling_transformer_fixes
multicls,MultiCLS (small),main_sweep_size_ladder,transformer_multicls_small,transformer_multicls_small,0.5,2018631,0.291358871,0.29136,51566,52078,512,13944,37622,35380868014080,5,tab:size_scaling_transformer_fixes
multicls,MultiCLS (small),main_sweep_size_ladder,transformer_multicls_small,transformer_multicls_small,0.75,3026912,0.291000568,0.29100,51566,52078,512,13944,37622,53035418787840,5,tab:size_scaling_transformer_fixes
multicls,MultiCLS (small),main_sweep_size_ladder,transformer_multicls_small,transformer_multicls_small,1.0,4034782,0.290999058,0.29100,51566,52078,512,13944,37622,70761736028160,5,tab:size_scaling_transformer_fixes
multicls,MultiCLS (medium),main_sweep_size_ladder,transformer_multicls_medium,transformer_multicls_medium,0.05,201985,0.293211324,0.29321,170632,171784,1152,23400,147232,13431211622400,5,tab:size_scaling_transformer_fixes
multicls,MultiCLS (medium),main_sweep_size_ladder,transformer_multicls_medium,transformer_multicls_medium,0.1,404283,0.29259017,0.29259,170632,171784,1152,23400,147232,26593799012352,5,tab:size_scaling_transformer_fixes
multicls,MultiCLS (medium),main_sweep_size_ladder,transformer_multicls_medium,transformer_multicls_medium,0.25,1010056,0.291675642,0.29168,170632,171784,1152,23400,147232,66350185414656,5,tab:size_scaling_transformer_fixes
multicls,MultiCLS (medium),main_sweep_size_ladder,transformer_multicls_medium,transformer_multicls_medium,0.5,2018631,0.291203554,0.29120,170632,171784,1152,23400,147232,132431746596864,5,tab:size_scaling_transformer_fixes
multicls,MultiCLS (medium),main_sweep_size_ladder,transformer_multicls_medium,transformer_multicls_medium,0.75,3026912,0.291063582,0.29106,170632,171784,1152,23400,147232,198513307779072,5,tab:size_scaling_transformer_fixes
multicls,MultiCLS (medium),main_sweep_size_ladder,transformer_multicls_medium,transformer_multicls_medium,1.0,4034782,0.290779673,0.29078,170632,171784,1152,23400,147232,264863493193728,5,tab:size_scaling_transformer_fixes
multicls,MultiCLS (large),main_sweep_size_ladder,transformer_multicls_large,transformer_multicls_large,0.05,201985,0.293222484,0.29322,523754,526090,2336,37696,486058,43524158668800,5,tab:size_scaling_transformer_fixes
multicls,MultiCLS (large),main_sweep_size_ladder,transformer_multicls_large,transformer_multicls_large,0.1,404283,0.292324009,0.29232,523754,526090,2336,37696,486058,86177834164224,5,tab:size_scaling_transformer_fixes
multicls,MultiCLS (large),main_sweep_size_ladder,transformer_multicls_large,transformer_multicls_large,0.25,1010056,0.291792115,0.29179,523754,526090,2336,37696,486058,215009343823872,5,tab:size_scaling_transformer_fixes
multicls,MultiCLS (large),main_sweep_size_ladder,transformer_multicls_large,transformer_multicls_large,0.5,2018631,0.291311569,0.29131,523754,526090,2336,37696,486058,429148204474368,5,tab:size_scaling_transformer_fixes
multicls,MultiCLS (large),main_sweep_size_ladder,transformer_multicls_large,transformer_multicls_large,0.75,3026912,0.290892129,0.29089,523754,526090,2336,37696,486058,643287065124864,5,tab:size_scaling_transformer_fixes
multicls,MultiCLS (large),main_sweep_size_ladder,transformer_multicls_large,transformer_multicls_large,1.0,4034782,0.291096063,0.29110,523754,526090,2336,37696,486058,858296408948736,5,tab:size_scaling_transformer_fixes
hybrid,Transformer+TabM (tiny),main_sweep_size_ladder,transformer_multicls_tabm_mini_tiny,transformer_multicls_tabm_mini_tiny,0.05,201985,0.293213559,0.29321,33598,33822,224,9232,24366,7066642636800,5,tab:size_scaling_transformer_fixes
hybrid,Transformer+TabM (tiny),main_sweep_size_ladder,transformer_multicls_tabm_mini_tiny,transformer_multicls_tabm_mini_tiny,0.1,404283,0.292496861,0.29250,33598,33822,224,9232,24366,13991952420864,5,tab:size_scaling_transformer_fixes
hybrid,Transformer+TabM (tiny),main_sweep_size_ladder,transformer_multicls_tabm_mini_tiny,transformer_multicls_tabm_mini_tiny,0.25,1010056,0.291855332,0.29186,33598,33822,224,9232,24366,34909214625792,5,tab:size_scaling_transformer_fixes
hybrid,Transformer+TabM (tiny),main_sweep_size_ladder,transformer_multicls_tabm_mini_tiny,transformer_multicls_tabm_mini_tiny,0.5,2018631,0.291289032,0.29129,33598,33822,224,9232,24366,69677096398848,5,tab:size_scaling_transformer_fixes
hybrid,Transformer+TabM (tiny),main_sweep_size_ladder,transformer_multicls_tabm_mini_tiny,transformer_multicls_tabm_mini_tiny,0.75,3026912,0.290992928,0.29099,33598,33822,224,9232,24366,104444978171904,5,tab:size_scaling_transformer_fixes
hybrid,Transformer+TabM (tiny),main_sweep_size_ladder,transformer_multicls_tabm_mini_tiny,transformer_multicls_tabm_mini_tiny,1.0,4034782,0.290870606,0.29087,33598,33822,224,9232,24366,139354192797696,5,tab:size_scaling_transformer_fixes
hybrid,Transformer+TabM (small),main_sweep_size_ladder,transformer_multicls_tabm_mini_small,transformer_multicls_tabm_mini_small,0.05,201985,0.292876276,0.29288,98765,99277,512,13944,84821,57362552217600,5,tab:size_scaling_transformer_fixes
hybrid,Transformer+TabM (small),main_sweep_size_ladder,transformer_multicls_tabm_mini_small,transformer_multicls_tabm_mini_small,0.1,404283,0.292232806,0.29223,98765,99277,512,13944,84821,113577853390848,5,tab:size_scaling_transformer_fixes
hybrid,Transformer+TabM (small),main_sweep_size_ladder,transformer_multicls_tabm_mini_small,transformer_multicls_tabm_mini_small,0.25,1010056,0.291663242,0.29166,98765,99277,512,13944,84821,283371007954944,5,tab:size_scaling_transformer_fixes
hybrid,Transformer+TabM (small),main_sweep_size_ladder,transformer_multicls_tabm_mini_small,transformer_multicls_tabm_mini_small,0.5,2018631,0.291122421,0.29112,98765,99277,512,13944,84821,565594764865536,5,tab:size_scaling_transformer_fixes
hybrid,Transformer+TabM (small),main_sweep_size_ladder,transformer_multicls_tabm_mini_small,transformer_multicls_tabm_mini_small,0.75,3026912,0.290850744,0.29085,98765,99277,512,13944,84821,847818521776128,5,tab:size_scaling_transformer_fixes
hybrid,Transformer+TabM (small),main_sweep_size_ladder,transformer_multicls_tabm_mini_small,transformer_multicls_tabm_mini_small,1.0,4034782,0.290692516,0.29069,98765,99277,512,13944,84821,1131189529731072,5,tab:size_scaling_transformer_fixes
hybrid,Transformer+TabM (medium),main_sweep_size_ladder,transformer_multicls_tabm_mini_medium,transformer_multicls_tabm_mini_medium,0.05,201985,0.292824917,0.29282,292143,293295,1152,23400,268743,322192024166400,5,tab:size_scaling_transformer_fixes
hybrid,Transformer+TabM (medium),main_sweep_size_ladder,transformer_multicls_tabm_mini_medium,transformer_multicls_tabm_mini_medium,0.1,404283,0.292167767,0.29217,292143,293295,1152,23400,268743,637940207849472,5,tab:size_scaling_transformer_fixes
hybrid,Transformer+TabM (medium),main_sweep_size_ladder,transformer_multicls_tabm_mini_medium,transformer_multicls_tabm_mini_medium,0.25,1010056,0.291471443,0.29147,292143,293295,1152,23400,268743,1591628599382016,5,tab:size_scaling_transformer_fixes
hybrid,Transformer+TabM (medium),main_sweep_size_ladder,transformer_multicls_tabm_mini_medium,transformer_multicls_tabm_mini_medium,0.5,2018631,0.291239374,0.29124,292143,293295,1152,23400,268743,3176813358280704,5,tab:size_scaling_transformer_fixes
hybrid,Transformer+TabM (medium),main_sweep_size_ladder,transformer_multicls_tabm_mini_medium,transformer_multicls_tabm_mini_medium,0.75,3026912,0.290687997,0.29069,292143,293295,1152,23400,268743,4761998117179392,5,tab:size_scaling_transformer_fixes
hybrid,Transformer+TabM (medium),main_sweep_size_ladder,transformer_multicls_tabm_mini_medium,transformer_multicls_tabm_mini_medium,1.0,4034782,0.290561046,0.29056,292143,293295,1152,23400,268743,6353626716561408,5,tab:size_scaling_transformer_fixes
hybrid,Transformer+TabM (large),main_sweep_size_ladder,transformer_multicls_tabm_mini_large,transformer_multicls_tabm_mini_large,0.05,201985,0.292875121,0.29288,790777,793113,2336,37696,753081,1392388498022400,5,tab:size_scaling_transformer_fixes
hybrid,Transformer+TabM (large),main_sweep_size_ladder,transformer_multicls_tabm_mini_large,transformer_multicls_tabm_mini_large,0.1,404283,0.29218506,0.29219,790777,793113,2336,37696,753081,2756929226084352,5,tab:size_scaling_transformer_fixes
hybrid,Transformer+TabM (large),main_sweep_size_ladder,transformer_multicls_tabm_mini_large,transformer_multicls_tabm_mini_large,0.25,1010056,0.291603922,0.29160,790777,793113,2336,37696,753081,6878399180230656,5,tab:size_scaling_transformer_fixes
hybrid,Transformer+TabM (large),main_sweep_size_ladder,transformer_multicls_tabm_mini_large,transformer_multicls_tabm_mini_large,0.5,2018631,0.291078628,0.29108,790777,793113,2336,37696,753081,13728950590500864,5,tab:size_scaling_transformer_fixes
hybrid,Transformer+TabM (large),main_sweep_size_ladder,transformer_multicls_tabm_mini_large,transformer_multicls_tabm_mini_large,0.75,3026912,0.290798572,0.29080,790777,793113,2336,37696,753081,20579502000771072,5,tab:size_scaling_transformer_fixes
hybrid,Transformer+TabM (large),main_sweep_size_ladder,transformer_multicls_tabm_mini_large,transformer_multicls_tabm_mini_large,1.0,4034782,0.290591052,0.29059,790777,793113,2336,37696,753081,27457901181001728,5,tab:size_scaling_transformer_fixes
moe,TokenMoE (tiny),main_sweep_size_ladder,transformer_tokenmoe_tiny,transformer_tokenmoe_tiny,0.05,201985,0.293622002,0.29362,57676,57676,0,52192,5484,237371596800,5,tab:size_scaling_transformer_fixes
moe,TokenMoE (tiny),main_sweep_size_ladder,transformer_tokenmoe_tiny,transformer_tokenmoe_tiny,0.1,404283,0.292793553,0.29279,57676,57676,0,52192,5484,469995761664,5,tab:size_scaling_transformer_fixes
moe,TokenMoE (tiny),main_sweep_size_ladder,transformer_tokenmoe_tiny,transformer_tokenmoe_tiny,0.25,1010056,0.292130259,0.29213,57676,57676,0,52192,5484,1172615688192,5,tab:size_scaling_transformer_fixes
moe,TokenMoE (tiny),main_sweep_size_ladder,transformer_tokenmoe_tiny,transformer_tokenmoe_tiny,0.5,2018631,0.291721718,0.29172,57676,57676,0,52192,5484,2340483944448,5,tab:size_scaling_transformer_fixes
moe,TokenMoE (tiny),main_sweep_size_ladder,transformer_tokenmoe_tiny,transformer_tokenmoe_tiny,0.75,3026912,0.29145594,0.29146,57676,57676,0,52192,5484,3508352200704,5,tab:size_scaling_transformer_fixes
moe,TokenMoE (tiny),main_sweep_size_ladder,transformer_tokenmoe_tiny,transformer_tokenmoe_tiny,1.0,4034782,0.290820305,0.29082,57676,57676,0,52192,5484,4680967888896,5,tab:size_scaling_transformer_fixes
moe,TokenMoE (small),main_sweep_size_ladder,transformer_tokenmoe_small,transformer_tokenmoe_small,0.05,201985,0.293808733,0.29381,130833,130833,0,109216,21617,788416512000,5,tab:size_scaling_transformer_fixes
moe,TokenMoE (small),main_sweep_size_ladder,transformer_tokenmoe_small,transformer_tokenmoe_small,0.1,404283,0.292693264,0.29269,130833,130833,0,109216,21617,1561064693760,5,tab:size_scaling_transformer_fixes
moe,TokenMoE (small),main_sweep_size_ladder,transformer_tokenmoe_small,transformer_tokenmoe_small,0.25,1010056,0.292054215,0.29205,130833,130833,0,109216,21617,3894777569280,5,tab:size_scaling_transformer_fixes
moe,TokenMoE (small),main_sweep_size_ladder,transformer_tokenmoe_small,transformer_tokenmoe_small,0.5,2018631,0.291467479,0.29147,130833,130833,0,109216,21617,7773786808320,5,tab:size_scaling_transformer_fixes
moe,TokenMoE (small),main_sweep_size_ladder,transformer_tokenmoe_small,transformer_tokenmoe_small,0.75,3026912,0.29105426,0.29105,130833,130833,0,109216,21617,11652796047360,5,tab:size_scaling_transformer_fixes
moe,TokenMoE (small),main_sweep_size_ladder,transformer_tokenmoe_small,transformer_tokenmoe_small,1.0,4034782,0.290781942,0.29078,130833,130833,0,109216,21617,15547573616640,5,tab:size_scaling_transformer_fixes
moe,TokenMoE (medium),main_sweep_size_ladder,transformer_tokenmoe_medium,transformer_tokenmoe_medium,0.05,201985,0.293711516,0.29371,396377,396377,0,348266,48111,2646216499200,5,tab:size_scaling_transformer_fixes
moe,TokenMoE (medium),main_sweep_size_ladder,transformer_tokenmoe_medium,transformer_tokenmoe_medium,0.1,404283,0.292799342,0.29280,396377,396377,0,348266,48111,5239508668416,5,tab:size_scaling_transformer_fixes
moe,TokenMoE (medium),main_sweep_size_ladder,transformer_tokenmoe_medium,transformer_tokenmoe_medium,0.25,1010056,0.291868838,0.29187,396377,396377,0,348266,48111,13072309506048,5,tab:size_scaling_transformer_fixes
moe,TokenMoE (medium),main_sweep_size_ladder,transformer_tokenmoe_medium,transformer_tokenmoe_medium,0.5,2018631,0.291449797,0.29145,396377,396377,0,348266,48111,26091694682112,5,tab:size_scaling_transformer_fixes
moe,TokenMoE (medium),main_sweep_size_ladder,transformer_tokenmoe_medium,transformer_tokenmoe_medium,0.75,3026912,0.291139753,0.29114,396377,396377,0,348266,48111,39111079858176,5,tab:size_scaling_transformer_fixes
moe,TokenMoE (medium),main_sweep_size_ladder,transformer_tokenmoe_medium,transformer_tokenmoe_medium,1.0,4034782,0.290796463,0.29080,396377,396377,0,348266,48111,52183389364224,5,tab:size_scaling_transformer_fixes
moe,TokenMoE (large),main_sweep_size_ladder,transformer_tokenmoe_large,transformer_tokenmoe_large,0.05,201985,0.29350289,0.29350,1081075,1081075,0,931402,149673,8446477516800,5,tab:size_scaling_transformer_fixes
moe,TokenMoE (large),main_sweep_size_ladder,transformer_tokenmoe_large,transformer_tokenmoe_large,0.1,404283,0.29263432,0.29263,1081075,1081075,0,931402,149673,16724025483264,5,tab:size_scaling_transformer_fixes
moe,TokenMoE (large),main_sweep_size_ladder,transformer_tokenmoe_large,transformer_tokenmoe_large,0.25,1010056,0.291857649,0.29186,1081075,1081075,0,931402,149673,41725598932992,5,tab:size_scaling_transformer_fixes
moe,TokenMoE (large),main_sweep_size_ladder,transformer_tokenmoe_large,transformer_tokenmoe_large,0.5,2018631,0.291263648,0.29126,1081075,1081075,0,931402,149673,83282268315648,5,tab:size_scaling_transformer_fixes
moe,TokenMoE (large),main_sweep_size_ladder,transformer_tokenmoe_large,transformer_tokenmoe_large,0.75,3026912,0.290967443,0.29097,1081075,1081075,0,931402,149673,124838937698304,5,tab:size_scaling_transformer_fixes
moe,TokenMoE (large),main_sweep_size_ladder,transformer_tokenmoe_large,transformer_tokenmoe_large,1.0,4034782,0.290738308,0.29074,1081075,1081075,0,931402,149673,166564536631296,5,tab:size_scaling_transformer_fixes
ssl,TokenMoE+SSL (tiny),main_sweep_size_ladder,transformer_tokenmoe_ssl_tiny,transformer_tokenmoe_tiny_selfsup,0.05,201985,0.293496155,0.29350,190836,190836,0,125730,65106,2452252262400,5,tab:size_scaling_transformer_fixes
ssl,TokenMoE+SSL (tiny),main_sweep_size_ladder,transformer_tokenmoe_ssl_tiny,transformer_tokenmoe_tiny_selfsup,0.1,404283,0.292688366,0.29269,190836,190836,0,125730,65106,4855459479552,5,tab:size_scaling_transformer_fixes
ssl,TokenMoE+SSL (tiny),main_sweep_size_ladder,transformer_tokenmoe_ssl_tiny,transformer_tokenmoe_tiny_selfsup,0.25,1010056,0.291888496,0.29189,190836,190836,0,125730,65106,12114126176256,5,tab:size_scaling_transformer_fixes
ssl,TokenMoE+SSL (tiny),main_sweep_size_ladder,transformer_tokenmoe_ssl_tiny,transformer_tokenmoe_tiny_selfsup,0.5,2018631,0.291462443,0.29146,190836,190836,0,125730,65106,24179207307264,5,tab:size_scaling_transformer_fixes
ssl,TokenMoE+SSL (tiny),main_sweep_size_ladder,transformer_tokenmoe_ssl_tiny,transformer_tokenmoe_tiny_selfsup,0.75,3026912,0.291097144,0.29110,190836,190836,0,125730,65106,36244288438272,5,tab:size_scaling_transformer_fixes
ssl,TokenMoE+SSL (tiny),main_sweep_size_ladder,transformer_tokenmoe_ssl_tiny,transformer_tokenmoe_tiny_selfsup,1.0,4034782,0.290750423,0.29075,190836,190836,0,125730,65106,48358414614528,5,tab:size_scaling_transformer_fixes
ssl,TokenMoE+SSL (small),main_sweep_size_ladder,transformer_tokenmoe_ssl_small,transformer_tokenmoe_small_selfsup,0.05,201985,0.29359336,0.29359,465512,465512,0,349634,115878,6903584563200,5,tab:size_scaling_transformer_fixes
ssl,TokenMoE+SSL (small),main_sweep_size_ladder,transformer_tokenmoe_ssl_small,transformer_tokenmoe_small_selfsup,0.1,404283,0.29291145,0.29291,465512,465512,0,349634,115878,13669097435136,5,tab:size_scaling_transformer_fixes
ssl,TokenMoE+SSL (small),main_sweep_size_ladder,transformer_tokenmoe_ssl_small,transformer_tokenmoe_small_selfsup,0.25,1010056,0.291903975,0.29190,465512,465512,0,349634,115878,34103707742208,5,tab:size_scaling_transformer_fixes
ssl,TokenMoE+SSL (small),main_sweep_size_ladder,transformer_tokenmoe_ssl_small,transformer_tokenmoe_small_selfsup,0.5,2018631,0.2914186,0.29142,465512,465512,0,349634,115878,68069343793152,5,tab:size_scaling_transformer_fixes
ssl,TokenMoE+SSL (small),main_sweep_size_ladder,transformer_tokenmoe_ssl_small,transformer_tokenmoe_small_selfsup,0.75,3026912,0.29100676,0.29101,465512,465512,0,349634,115878,102034979844096,5,tab:size_scaling_transformer_fixes
ssl,TokenMoE+SSL (small),main_sweep_size_ladder,transformer_tokenmoe_ssl_small,transformer_tokenmoe_small_selfsup,1.0,4034782,0.290682798,0.29068,465512,465512,0,349634,115878,136138687586304,5,tab:size_scaling_transformer_fixes
ssl,TokenMoE+SSL (medium),main_sweep_size_ladder,transformer_tokenmoe_ssl_medium,transformer_tokenmoe_medium_selfsup,0.05,201985,0.293366497,0.29337,1055612,1055612,0,746946,308666,15595225497600,5,tab:size_scaling_transformer_fixes
ssl,TokenMoE+SSL (medium),main_sweep_size_ladder,transformer_tokenmoe_ssl_medium,transformer_tokenmoe_medium_selfsup,0.1,404283,0.292630709,0.29263,1055612,1055612,0,746946,308666,30878546485248,5,tab:size_scaling_transformer_fixes
ssl,TokenMoE+SSL (medium),main_sweep_size_ladder,transformer_tokenmoe_ssl_medium,transformer_tokenmoe_medium_selfsup,0.25,1010056,0.291861991,0.29186,1055612,1055612,0,746946,308666,77040413958144,5,tab:size_scaling_transformer_fixes
ssl,TokenMoE+SSL (medium),main_sweep_size_ladder,transformer_tokenmoe_ssl_medium,transformer_tokenmoe_medium_selfsup,0.5,2018631,0.291291058,0.29129,1055612,1055612,0,746946,308666,153768923406336,5,tab:size_scaling_transformer_fixes
ssl,TokenMoE+SSL (medium),main_sweep_size_ladder,transformer_tokenmoe_ssl_medium,transformer_tokenmoe_medium_selfsup,0.75,3026912,0.290868456,0.29087,1055612,1055612,0,746946,308666,230497432854528,5,tab:size_scaling_transformer_fixes
ssl,TokenMoE+SSL (medium),main_sweep_size_ladder,transformer_tokenmoe_ssl_medium,transformer_tokenmoe_medium_selfsup,1.0,4034782,0.290619152,0.29062,1055612,1055612,0,746946,308666,307537846812672,5,tab:size_scaling_transformer_fixes
ssl,TokenMoE+SSL (large),main_sweep_size_ladder,transformer_tokenmoe_ssl_large,transformer_tokenmoe_large_selfsup,0.05,201985,0.293320811,0.29332,1257212,1257212,0,933682,323530,18947814604800,5,tab:size_scaling_transformer_fixes
ssl,TokenMoE+SSL (large),main_sweep_size_ladder,transformer_tokenmoe_ssl_large,transformer_tokenmoe_large_selfsup,0.1,404283,0.292745514,0.29275,1257212,1257212,0,933682,323530,37516672917504,5,tab:size_scaling_transformer_fixes
ssl,TokenMoE+SSL (large),main_sweep_size_ladder,transformer_tokenmoe_ssl_large,transformer_tokenmoe_large_selfsup,0.25,1010056,0.291924917,0.29192,1257212,1257212,0,933682,323530,93602204147712,5,tab:size_scaling_transformer_fixes
ssl,TokenMoE+SSL (large),main_sweep_size_ladder,transformer_tokenmoe_ssl_large,transformer_tokenmoe_large_selfsup,0.5,2018631,0.29140389,0.29140,1257212,1257212,0,933682,323530,186825452003328,5,tab:size_scaling_transformer_fixes
ssl,TokenMoE+SSL (large),main_sweep_size_ladder,transformer_tokenmoe_ssl_large,transformer_tokenmoe_large_selfsup,0.75,3026912,0.29087468,0.29087,1257212,1257212,0,933682,323530,280048699858944,5,tab:size_scaling_transformer_fixes
ssl,TokenMoE+SSL (large),main_sweep_size_ladder,transformer_tokenmoe_ssl_large,transformer_tokenmoe_large_selfsup,1.0,4034782,0.290361126,0.29036,1257212,1257212,0,933682,323530,373650904006656,5,tab:size_scaling_transformer_fixes
tabm,TabM (small),main_sweep_size_ladder,tabm_small,tabm_small,0.05,201985,0.293886784,0.29389,107104,107104,0,8256,98848,2398747238400,5,tab:size_scaling_tabm
tabm,TabM (small),main_sweep_size_ladder,tabm_small,tabm_small,0.1,404283,0.292516491,0.29252,107104,107104,0,8256,98848,4749519532032,5,tab:size_scaling_tabm
tabm,TabM (small),main_sweep_size_ladder,tabm_small,tabm_small,0.25,1010056,0.29163051,0.29163,107104,107104,0,8256,98848,11849811357696,5,tab:size_scaling_tabm
tabm,TabM (small),main_sweep_size_ladder,tabm_small,tabm_small,0.5,2018631,0.291206135,0.29121,107104,107104,0,8256,98848,23651647770624,5,tab:size_scaling_tabm
tabm,TabM (small),main_sweep_size_ladder,tabm_small,tabm_small,0.75,3026912,0.290803914,0.29080,107104,107104,0,8256,98848,35453484183552,5,tab:size_scaling_tabm
tabm,TabM (small),main_sweep_size_ladder,tabm_small,tabm_small,1.0,4034782,0.290656577,0.29066,107104,107104,0,8256,98848,47303295541248,5,tab:size_scaling_tabm
tabm,TabM (medium),main_sweep_size_ladder,tabm_medium,tabm_medium,0.05,201985,0.294426412,0.29443,340128,340128,0,16512,323616,9631719628800,5,tab:size_scaling_tabm
tabm,TabM (medium),main_sweep_size_ladder,tabm_medium,tabm_medium,0.1,404283,0.293247692,0.29325,340128,340128,0,16512,323616,19070804865024,5,tab:size_scaling_tabm
tabm,TabM (medium),main_sweep_size_ladder,tabm_medium,tabm_medium,0.25,1010056,0.291856661,0.29186,340128,340128,0,16512,323616,47580694966272,5,tab:size_scaling_tabm
tabm,TabM (medium),main_sweep_size_ladder,tabm_medium,tabm_medium,0.5,2018631,0.291075531,0.29108,340128,340128,0,16512,323616,94968755539968,5,tab:size_scaling_tabm
tabm,TabM (medium),main_sweep_size_ladder,tabm_medium,tabm_medium,0.75,3026912,0.29063445,0.29063,340128,340128,0,16512,323616,142356816113664,5,tab:size_scaling_tabm
tabm,TabM (medium),main_sweep_size_ladder,tabm_medium,tabm_medium,1.0,4034782,0.290481633,0.29048,340128,340128,0,16512,323616,189937511079936,5,tab:size_scaling_tabm
tabm,TabM (large),main_sweep_size_ladder,tabm_large,tabm_large,0.05,201985,0.296813419,0.29681,1327424,1327424,0,33024,1294400,76859131699200,5,tab:size_scaling_tabm
tabm,TabM (large),main_sweep_size_ladder,tabm_large,tabm_large,0.1,404283,0.295453361,0.29545,1327424,1327424,0,33024,1294400,152181080764416,5,tab:size_scaling_tabm
tabm,TabM (large),main_sweep_size_ladder,tabm_large,tabm_large,0.25,1010056,0.292633567,0.29263,1327424,1327424,0,33024,1294400,379684110594048,5,tab:size_scaling_tabm
tabm,TabM (large),main_sweep_size_ladder,tabm_large,tabm_large,0.5,2018631,0.291036934,0.29104,1327424,1327424,0,33024,1294400,757831038554112,5,tab:size_scaling_tabm
tabm,TabM (large),main_sweep_size_ladder,tabm_large,tabm_large,0.75,3026912,0.290279714,0.29028,1327424,1327424,0,33024,1294400,1135977966514176,5,tab:size_scaling_tabm
tabm,TabM (large),main_sweep_size_ladder,tabm_large,tabm_large,1.0,4034782,0.289842523,0.28984,1327424,1327424,0,33024,1294400,1515662077108224,5,tab:size_scaling_tabm
tabm,TabM (xlarge),main_sweep_size_ladder,tabm_xlarge,tabm_xlarge,0.05,201985,0.295987234,0.29599,2961888,2961888,0,49536,2912352,259181181542400,5,tab:size_scaling_tabm
tabm,TabM (xlarge),main_sweep_size_ladder,tabm_xlarge,tabm_xlarge,0.1,404283,0.29566213,0.29566,2961888,2961888,0,49536,2912352,513178739453952,5,tab:size_scaling_tabm
tabm,TabM (xlarge),main_sweep_size_ladder,tabm_xlarge,tabm_xlarge,0.25,1010056,0.292487275,0.29249,2961888,2961888,0,49536,2912352,1280355036819456,5,tab:size_scaling_tabm
tabm,TabM (xlarge),main_sweep_size_ladder,tabm_xlarge,tabm_xlarge,0.5,2018631,0.291066495,0.29107,2961888,2961888,0,49536,2912352,2555526450008064,5,tab:size_scaling_tabm
tabm,TabM (xlarge),main_sweep_size_ladder,tabm_xlarge,tabm_xlarge,0.75,3026912,0.290206804,0.29021,2961888,2961888,0,49536,2912352,3830697863196672,5,tab:size_scaling_tabm
tabm,TabM (xlarge),main_sweep_size_ladder,tabm_xlarge,tabm_xlarge,1.0,4034782,0.289835955,0.28984,2961888,2961888,0,49536,2912352,5111052900016128,5,tab:size_scaling_tabm
tabm,TabM-mini (small),main_sweep_size_ladder,tabm_mini_small,tabm_mini_small,0.05,201985,0.293796158,0.29380,99008,99008,0,8256,90752,2395601510400,5,tab:size_scaling_tabm
tabm,TabM-mini (small),main_sweep_size_ladder,tabm_mini_small,tabm_mini_small,0.1,404283,0.292670319,0.29267,99008,99008,0,8256,90752,4743290990592,5,tab:size_scaling_tabm
tabm,TabM-mini (small),main_sweep_size_ladder,tabm_mini_small,tabm_mini_small,0.25,1010056,0.291669249,0.29167,99008,99008,0,8256,90752,11834271461376,5,tab:size_scaling_tabm
tabm,TabM-mini (small),main_sweep_size_ladder,tabm_mini_small,tabm_mini_small,0.5,2018631,0.291175108,0.29118,99008,99008,0,8256,90752,23620630892544,5,tab:size_scaling_tabm
tabm,TabM-mini (small),main_sweep_size_ladder,tabm_mini_small,tabm_mini_small,0.75,3026912,0.290967684,0.29097,99008,99008,0,8256,90752,35406990323712,5,tab:size_scaling_tabm
tabm,TabM-mini (small),main_sweep_size_ladder,tabm_mini_small,tabm_mini_small,1.0,4034782,0.290661656,0.29066,99008,99008,0,8256,90752,47241261785088,5,tab:size_scaling_tabm
tabm,TabM-mini (medium),main_sweep_size_ladder,tabm_mini_medium,tabm_mini_medium,0.05,201985,0.294302736,0.29430,319872,319872,0,16512,303360,9623540736000,5,tab:size_scaling_tabm
tabm,TabM-mini (medium),main_sweep_size_ladder,tabm_mini_medium,tabm_mini_medium,0.1,404283,0.293230968,0.29323,319872,319872,0,16512,303360,19054610657280,5,tab:size_scaling_tabm
tabm,TabM-mini (medium),main_sweep_size_ladder,tabm_mini_medium,tabm_mini_medium,0.25,1010056,0.291837985,0.29184,319872,319872,0,16512,303360,47540291235840,5,tab:size_scaling_tabm
tabm,TabM-mini (medium),main_sweep_size_ladder,tabm_mini_medium,tabm_mini_medium,0.5,2018631,0.291100907,0.29110,319872,319872,0,16512,303360,94888111656960,5,tab:size_scaling_tabm
tabm,TabM-mini (medium),main_sweep_size_ladder,tabm_mini_medium,tabm_mini_medium,0.75,3026912,0.290660899,0.29066,319872,319872,0,16512,303360,142235932078080,5,tab:size_scaling_tabm
tabm,TabM-mini (medium),main_sweep_size_ladder,tabm_mini_medium,tabm_mini_medium,1.0,4034782,0.290344991,0.29034,319872,319872,0,16512,303360,189776223313920,5,tab:size_scaling_tabm
tabm,TabM-mini (large),main_sweep_size_ladder,tabm_mini_large,tabm_mini_large,0.05,201985,0.296294664,0.29629,1245952,1245952,0,33024,1212928,76826416128000,5,tab:size_scaling_tabm
tabm,TabM-mini (large),main_sweep_size_ladder,tabm_mini_large,tabm_mini_large,0.1,404283,0.295148059,0.29515,1245952,1245952,0,33024,1212928,152116303933440,5,tab:size_scaling_tabm
tabm,TabM-mini (large),main_sweep_size_ladder,tabm_mini_large,tabm_mini_large,0.25,1010056,0.292519553,0.29252,1245952,1245952,0,33024,1212928,379522495672320,5,tab:size_scaling_tabm
tabm,TabM-mini (large),main_sweep_size_ladder,tabm_mini_large,tabm_mini_large,0.5,2018631,0.291044175,0.29104,1245952,1245952,0,33024,1212928,757508463022080,5,tab:size_scaling_tabm
tabm,TabM-mini (large),main_sweep_size_ladder,tabm_mini_large,tabm_mini_large,0.75,3026912,0.290239398,0.29024,1245952,1245952,0,33024,1212928,1135494430371840,5,tab:size_scaling_tabm
tabm,TabM-mini (large),main_sweep_size_ladder,tabm_mini_large,tabm_mini_large,1.0,4034782,0.289891394,0.28989,1245952,1245952,0,33024,1212928,1515016926044160,5,tab:size_scaling_tabm
tabm,TabM-mini (xlarge),main_sweep_size_ladder,tabm_mini_xlarge,tabm_mini_xlarge,0.05,201985,0.296100199,0.29610,8246272,8246272,0,132096,8114176,297165798336000,5,tab:size_scaling_tabm
tabm,TabM-mini (xlarge),main_sweep_size_ladder,tabm_mini_xlarge,tabm_mini_xlarge,0.1,404283,0.295203427,0.29520,8246272,8246272,0,132096,8114176,594331596672000,5,tab:size_scaling_tabm
tabm,TabM-mini (xlarge),main_sweep_size_ladder,tabm_mini_xlarge,tabm_mini_xlarge,0.25,1010056,0.292626431,0.29263,8246272,8246272,0,132096,8114176,1484324354726400,5,tab:size_scaling_tabm
tabm,TabM-mini (xlarge),main_sweep_size_ladder,tabm_mini_xlarge,tabm_mini_xlarge,0.5,2018631,0.291156225,0.29116,8246272,8246272,0,132096,8114176,2966391754022400,5,tab:size_scaling_tabm
tabm,TabM-mini (xlarge),main_sweep_size_ladder,tabm_mini_xlarge,tabm_mini_xlarge,0.75,3026912,0.290460204,0.29046,8246272,8246272,0,132096,8114176,4447706834841600,5,tab:size_scaling_tabm
tabm,TabM-mini (xlarge),main_sweep_size_ladder,tabm_mini_xlarge,tabm_mini_xlarge,1.0,4034782,0.289856367,0.28986,8246272,8246272,0,132096,8114176,5929021915660800,5,tab:size_scaling_tabm
ssl,TokenMoE + SSL (xlarge),full_data_only_extension,transformer_tokenmoessl_xlarge,transformer_tokenmoessl_xlarge,1.0,4034782,0.290273059,0.29027,4082380,4082380,0,3013250,1069130,1263763747995648,5,tab:size_scaling_transformer_fixes
tabm,TabM-mini (xlarge-2),full_data_only_extension,tabm_mini_xlarge_2,tabm_mini_xlarge_2,1.0,4034782,0.289032431,0.28903,8246272,8246272,0,132096,8114176,5929021915660800,5,tab:size_scaling_tabm
tabm,TabM-mini (gigantic),full_data_only_extension,tabm_mini_xlarge3,tabm_mini_xlarge3,1.0,4034782,0.288854567,0.28885,31783936,31783936,0,264192,31519744,23705605598740992,5,tab:size_scaling_tabm
